{"cameraMode":{"drawMode":0,"name":"Shaded","section":"Shading Mode"},"sceneLighting":true,"audioPlay":false,"sceneViewState":{"m_AlwaysRefresh":false,"showFog":true,"showSkybox":true,"showFlares":true,"showImageEffects":true,"showParticleSystems":true,"showVisualEffectGraphs":true,"m_FxEnabled":true},"in2DMode":false,"pivot":{"x":-0.02904367446899414,"y":0.4749104082584381,"z":0.07539725303649903},"rotation":{"x":0.021745717152953149,"y":0.9590465426445007,"z":0.07668506354093552,"w":-0.27193769812583926},"size":0.7451250553131104,"orthographic":false}